-- ============================================================
-- Member Groups & Demo Members
-- ============================================================

-- Member groups (teams/squads)
create table if not exists member_groups (
  id          uuid primary key default uuid_generate_v4(),
  org_id      uuid not null references organisations(id) on delete cascade,
  name        text not null,
  color       text,
  sort_order  integer not null default 0,
  created_at  timestamptz not null default now()
);

create index if not exists member_groups_org_id_idx on member_groups(org_id);

-- Many-to-many: persons <-> member_groups
create table if not exists member_group_memberships (
  group_id    uuid not null references member_groups(id) on delete cascade,
  person_id   uuid not null references persons(id) on delete cascade,
  primary key (group_id, person_id)
);

create index if not exists mgm_group_id_idx on member_group_memberships(group_id);
create index if not exists mgm_person_id_idx on member_group_memberships(person_id);

-- Add attendance columns to invitees if not already present
alter table invitees add column if not exists attended      boolean not null default false;
alter table invitees add column if not exists signed_out    boolean not null default false;
alter table invitees add column if not exists ticket_type   text;
alter table invitees add column if not exists fee_amount    numeric(10,2);
alter table invitees add column if not exists paid_at       timestamptz;

-- ============================================================
-- SEED: Demo Venues
-- ============================================================
insert into bookables (id, org_id, name, type, status, location) values
  ('30000000-0000-0000-0000-000000000001', '00000000-0000-0000-0000-000000000002', 'Main Stadium', 'VENUE', 'ACTIVE', '1 Sports Drive, Melbourne VIC 3000'),
  ('30000000-0000-0000-0000-000000000002', '00000000-0000-0000-0000-000000000002', 'Training Ground A', 'VENUE', 'ACTIVE', '2 Training Road, Melbourne VIC 3000'),
  ('30000000-0000-0000-0000-000000000003', '00000000-0000-0000-0000-000000000002', 'Indoor Courts', 'VENUE', 'ACTIVE', '3 Court Lane, Melbourne VIC 3000'),
  ('30000000-0000-0000-0000-000000000004', '00000000-0000-0000-0000-000000000002', 'Clubhouse', 'VENUE', 'ACTIVE', '1 Club Way, Melbourne VIC 3000')
on conflict (id) do nothing;

-- ============================================================
-- SEED: 72 Demo Members
-- ============================================================
insert into persons (id, org_id, first_name, last_name) values
  ('10000000-0000-0000-0000-000000000001', '00000000-0000-0000-0000-000000000002', 'Liam', 'Carter'),
  ('10000000-0000-0000-0000-000000000002', '00000000-0000-0000-0000-000000000002', 'Noah', 'Thompson'),
  ('10000000-0000-0000-0000-000000000003', '00000000-0000-0000-0000-000000000002', 'Oliver', 'Hayes'),
  ('10000000-0000-0000-0000-000000000004', '00000000-0000-0000-0000-000000000002', 'Jack', 'Wilson'),
  ('10000000-0000-0000-0000-000000000005', '00000000-0000-0000-0000-000000000002', 'Leo', 'Martin'),
  ('10000000-0000-0000-0000-000000000006', '00000000-0000-0000-0000-000000000002', 'Ethan', 'Brooks'),
  ('10000000-0000-0000-0000-000000000007', '00000000-0000-0000-0000-000000000002', 'Mason', 'Turner'),
  ('10000000-0000-0000-0000-000000000008', '00000000-0000-0000-0000-000000000002', 'Lucas', 'Ward'),
  ('10000000-0000-0000-0000-000000000009', '00000000-0000-0000-0000-000000000002', 'James', 'Foster'),
  ('10000000-0000-0000-0000-000000000010', '00000000-0000-0000-0000-000000000002', 'Henry', 'Collins'),
  ('10000000-0000-0000-0000-000000000011', '00000000-0000-0000-0000-000000000002', 'Oscar', 'Price'),
  ('10000000-0000-0000-0000-000000000012', '00000000-0000-0000-0000-000000000002', 'Daniel', 'Murphy'),
  ('10000000-0000-0000-0000-000000000013', '00000000-0000-0000-0000-000000000002', 'Max', 'Bennett'),
  ('10000000-0000-0000-0000-000000000014', '00000000-0000-0000-0000-000000000002', 'Alex', 'Cooper'),
  ('10000000-0000-0000-0000-000000000015', '00000000-0000-0000-0000-000000000002', 'Ryan', 'Kelly'),
  ('10000000-0000-0000-0000-000000000016', '00000000-0000-0000-0000-000000000002', 'Sam', 'Richardson'),
  ('10000000-0000-0000-0000-000000000017', '00000000-0000-0000-0000-000000000002', 'Josh', 'Bailey'),
  ('10000000-0000-0000-0000-000000000018', '00000000-0000-0000-0000-000000000002', 'Tyler', 'Hughes'),
  ('10000000-0000-0000-0000-000000000019', '00000000-0000-0000-0000-000000000002', 'Ben', 'Sanders'),
  ('10000000-0000-0000-0000-000000000020', '00000000-0000-0000-0000-000000000002', 'Luke', 'Fisher'),
  ('10000000-0000-0000-0000-000000000021', '00000000-0000-0000-0000-000000000002', 'Charlie', 'Cox'),
  ('10000000-0000-0000-0000-000000000022', '00000000-0000-0000-0000-000000000002', 'Adam', 'Long'),
  ('10000000-0000-0000-0000-000000000023', '00000000-0000-0000-0000-000000000002', 'Jake', 'Perry'),
  ('10000000-0000-0000-0000-000000000024', '00000000-0000-0000-0000-000000000002', 'Tom', 'Russell'),
  ('10000000-0000-0000-0000-000000000025', '00000000-0000-0000-0000-000000000002', 'Connor', 'Reed'),
  ('10000000-0000-0000-0000-000000000026', '00000000-0000-0000-0000-000000000002', 'Harry', 'Bell'),
  ('10000000-0000-0000-0000-000000000027', '00000000-0000-0000-0000-000000000002', 'Dylan', 'Gray'),
  ('10000000-0000-0000-0000-000000000028', '00000000-0000-0000-0000-000000000002', 'Caleb', 'James'),
  ('10000000-0000-0000-0000-000000000029', '00000000-0000-0000-0000-000000000002', 'Nathan', 'Scott'),
  ('10000000-0000-0000-0000-000000000030', '00000000-0000-0000-0000-000000000002', 'Aaron', 'Price'),
  ('10000000-0000-0000-0000-000000000031', '00000000-0000-0000-0000-000000000002', 'Zachary', 'Wood'),
  ('10000000-0000-0000-0000-000000000032', '00000000-0000-0000-0000-000000000002', 'Isaac', 'Shaw'),
  ('10000000-0000-0000-0000-000000000033', '00000000-0000-0000-0000-000000000002', 'Logan', 'Butler'),
  ('10000000-0000-0000-0000-000000000034', '00000000-0000-0000-0000-000000000002', 'Aiden', 'Barnes'),
  ('10000000-0000-0000-0000-000000000035', '00000000-0000-0000-0000-000000000002', 'Riley', 'West'),
  ('10000000-0000-0000-0000-000000000036', '00000000-0000-0000-0000-000000000002', 'Blake', 'Stone'),
  ('10000000-0000-0000-0000-000000000037', '00000000-0000-0000-0000-000000000002', 'Hunter', 'Ellis'),
  ('10000000-0000-0000-0000-000000000038', '00000000-0000-0000-0000-000000000002', 'Olivia', 'Taylor'),
  ('10000000-0000-0000-0000-000000000039', '00000000-0000-0000-0000-000000000002', 'Charlotte', 'Evans'),
  ('10000000-0000-0000-0000-000000000040', '00000000-0000-0000-0000-000000000002', 'Amelia', 'Green'),
  ('10000000-0000-0000-0000-000000000041', '00000000-0000-0000-0000-000000000002', 'Isla', 'Walker'),
  ('10000000-0000-0000-0000-000000000042', '00000000-0000-0000-0000-000000000002', 'Ava', 'Hall'),
  ('10000000-0000-0000-0000-000000000043', '00000000-0000-0000-0000-000000000002', 'Mia', 'Young'),
  ('10000000-0000-0000-0000-000000000044', '00000000-0000-0000-0000-000000000002', 'Harper', 'King'),
  ('10000000-0000-0000-0000-000000000045', '00000000-0000-0000-0000-000000000002', 'Ella', 'Wright'),
  ('10000000-0000-0000-0000-000000000046', '00000000-0000-0000-0000-000000000002', 'Grace', 'Scott'),
  ('10000000-0000-0000-0000-000000000047', '00000000-0000-0000-0000-000000000002', 'Chloe', 'Adams'),
  ('10000000-0000-0000-0000-000000000048', '00000000-0000-0000-0000-000000000002', 'Lily', 'Baker'),
  ('10000000-0000-0000-0000-000000000049', '00000000-0000-0000-0000-000000000002', 'Zoe', 'Nelson'),
  ('10000000-0000-0000-0000-000000000050', '00000000-0000-0000-0000-000000000002', 'Sophie', 'Carter'),
  ('10000000-0000-0000-0000-000000000051', '00000000-0000-0000-0000-000000000002', 'Emily', 'Mitchell'),
  ('10000000-0000-0000-0000-000000000052', '00000000-0000-0000-0000-000000000002', 'Hannah', 'Roberts'),
  ('10000000-0000-0000-0000-000000000053', '00000000-0000-0000-0000-000000000002', 'Lucy', 'Turner'),
  ('10000000-0000-0000-0000-000000000054', '00000000-0000-0000-0000-000000000002', 'Ruby', 'Phillips'),
  ('10000000-0000-0000-0000-000000000055', '00000000-0000-0000-0000-000000000002', 'Sophie', 'Hughes'),
  ('10000000-0000-0000-0000-000000000056', '00000000-0000-0000-0000-000000000002', 'Poppy', 'Ward'),
  ('10000000-0000-0000-0000-000000000057', '00000000-0000-0000-0000-000000000002', 'Jessica', 'Collins'),
  ('10000000-0000-0000-0000-000000000058', '00000000-0000-0000-0000-000000000002', 'Madison', 'Bell'),
  ('10000000-0000-0000-0000-000000000059', '00000000-0000-0000-0000-000000000002', 'Paige', 'Gray'),
  ('10000000-0000-0000-0000-000000000060', '00000000-0000-0000-0000-000000000002', 'Freya', 'James'),
  ('10000000-0000-0000-0000-000000000061', '00000000-0000-0000-0000-000000000002', 'Holly', 'Wood'),
  ('10000000-0000-0000-0000-000000000062', '00000000-0000-0000-0000-000000000002', 'David', 'Harris'),
  ('10000000-0000-0000-0000-000000000063', '00000000-0000-0000-0000-000000000002', 'Mark', 'Stevens'),
  ('10000000-0000-0000-0000-000000000064', '00000000-0000-0000-0000-000000000002', 'Paul', 'Jenkins'),
  ('10000000-0000-0000-0000-000000000065', '00000000-0000-0000-0000-000000000002', 'Chris', 'Walters'),
  ('10000000-0000-0000-0000-000000000066', '00000000-0000-0000-0000-000000000002', 'Steve', 'Bennett'),
  ('10000000-0000-0000-0000-000000000067', '00000000-0000-0000-0000-000000000002', 'Andrew', 'Cooper'),
  ('10000000-0000-0000-0000-000000000068', '00000000-0000-0000-0000-000000000002', 'Matt', 'Richardson'),
  ('10000000-0000-0000-0000-000000000069', '00000000-0000-0000-0000-000000000002', 'Daniel', 'Foster'),
  ('10000000-0000-0000-0000-000000000070', '00000000-0000-0000-0000-000000000002', 'Scott', 'Murphy'),
  ('10000000-0000-0000-0000-000000000071', '00000000-0000-0000-0000-000000000002', 'James', 'Collins'),
  ('10000000-0000-0000-0000-000000000072', '00000000-0000-0000-0000-000000000002', 'Peter', 'Kelly')
on conflict (id) do nothing;

-- ============================================================
-- SEED: 10 Member Groups (Teams)
-- ============================================================
insert into member_groups (id, org_id, name, color, sort_order) values
  ('20000000-0000-0000-0000-000000000001', '00000000-0000-0000-0000-000000000002', 'Seniors – Level 1',       '#3B82F6', 1),
  ('20000000-0000-0000-0000-000000000002', '00000000-0000-0000-0000-000000000002', 'Seniors – Level 2',       '#2563EB', 2),
  ('20000000-0000-0000-0000-000000000003', '00000000-0000-0000-0000-000000000002', 'Juniors – Level 1',       '#10B981', 3),
  ('20000000-0000-0000-0000-000000000004', '00000000-0000-0000-0000-000000000002', 'Juniors – Level 2',       '#059669', 4),
  ('20000000-0000-0000-0000-000000000005', '00000000-0000-0000-0000-000000000002', 'Youth Development Squad', '#F59E0B', 5),
  ('20000000-0000-0000-0000-000000000006', '00000000-0000-0000-0000-000000000002', 'Women''s Team',            '#EC4899', 6),
  ('20000000-0000-0000-0000-000000000007', '00000000-0000-0000-0000-000000000002', 'Mixed Social Team',       '#8B5CF6', 7),
  ('20000000-0000-0000-0000-000000000008', '00000000-0000-0000-0000-000000000002', 'Coaching Staff',          '#6B7280', 8),
  ('20000000-0000-0000-0000-000000000009', '00000000-0000-0000-0000-000000000002', 'Masters (Over 35s)',      '#EF4444', 9),
  ('20000000-0000-0000-0000-000000000010', '00000000-0000-0000-0000-000000000002', 'Development Academy',     '#F97316', 10)
on conflict (id) do nothing;

-- ============================================================
-- SEED: Group Memberships
-- ============================================================

-- Seniors Level 1 (28 people: P01–P28)
insert into member_group_memberships (group_id, person_id) values
  ('20000000-0000-0000-0000-000000000001', '10000000-0000-0000-0000-000000000001'),
  ('20000000-0000-0000-0000-000000000001', '10000000-0000-0000-0000-000000000002'),
  ('20000000-0000-0000-0000-000000000001', '10000000-0000-0000-0000-000000000003'),
  ('20000000-0000-0000-0000-000000000001', '10000000-0000-0000-0000-000000000004'),
  ('20000000-0000-0000-0000-000000000001', '10000000-0000-0000-0000-000000000005'),
  ('20000000-0000-0000-0000-000000000001', '10000000-0000-0000-0000-000000000006'),
  ('20000000-0000-0000-0000-000000000001', '10000000-0000-0000-0000-000000000007'),
  ('20000000-0000-0000-0000-000000000001', '10000000-0000-0000-0000-000000000008'),
  ('20000000-0000-0000-0000-000000000001', '10000000-0000-0000-0000-000000000009'),
  ('20000000-0000-0000-0000-000000000001', '10000000-0000-0000-0000-000000000010'),
  ('20000000-0000-0000-0000-000000000001', '10000000-0000-0000-0000-000000000011'),
  ('20000000-0000-0000-0000-000000000001', '10000000-0000-0000-0000-000000000012'),
  ('20000000-0000-0000-0000-000000000001', '10000000-0000-0000-0000-000000000013'),
  ('20000000-0000-0000-0000-000000000001', '10000000-0000-0000-0000-000000000014'),
  ('20000000-0000-0000-0000-000000000001', '10000000-0000-0000-0000-000000000015'),
  ('20000000-0000-0000-0000-000000000001', '10000000-0000-0000-0000-000000000016'),
  ('20000000-0000-0000-0000-000000000001', '10000000-0000-0000-0000-000000000017'),
  ('20000000-0000-0000-0000-000000000001', '10000000-0000-0000-0000-000000000018'),
  ('20000000-0000-0000-0000-000000000001', '10000000-0000-0000-0000-000000000019'),
  ('20000000-0000-0000-0000-000000000001', '10000000-0000-0000-0000-000000000020'),
  ('20000000-0000-0000-0000-000000000001', '10000000-0000-0000-0000-000000000021'),
  ('20000000-0000-0000-0000-000000000001', '10000000-0000-0000-0000-000000000022'),
  ('20000000-0000-0000-0000-000000000001', '10000000-0000-0000-0000-000000000023'),
  ('20000000-0000-0000-0000-000000000001', '10000000-0000-0000-0000-000000000024'),
  ('20000000-0000-0000-0000-000000000001', '10000000-0000-0000-0000-000000000025'),
  ('20000000-0000-0000-0000-000000000001', '10000000-0000-0000-0000-000000000026'),
  ('20000000-0000-0000-0000-000000000001', '10000000-0000-0000-0000-000000000027'),
  ('20000000-0000-0000-0000-000000000001', '10000000-0000-0000-0000-000000000028')
on conflict do nothing;

-- Seniors Level 2 (22 people)
insert into member_group_memberships (group_id, person_id) values
  ('20000000-0000-0000-0000-000000000002', '10000000-0000-0000-0000-000000000001'),
  ('20000000-0000-0000-0000-000000000002', '10000000-0000-0000-0000-000000000006'),
  ('20000000-0000-0000-0000-000000000002', '10000000-0000-0000-0000-000000000013'),
  ('20000000-0000-0000-0000-000000000002', '10000000-0000-0000-0000-000000000015'),
  ('20000000-0000-0000-0000-000000000002', '10000000-0000-0000-0000-000000000016'),
  ('20000000-0000-0000-0000-000000000002', '10000000-0000-0000-0000-000000000003'),
  ('20000000-0000-0000-0000-000000000002', '10000000-0000-0000-0000-000000000004'),
  ('20000000-0000-0000-0000-000000000002', '10000000-0000-0000-0000-000000000005'),
  ('20000000-0000-0000-0000-000000000002', '10000000-0000-0000-0000-000000000012'),
  ('20000000-0000-0000-0000-000000000002', '10000000-0000-0000-0000-000000000014'),
  ('20000000-0000-0000-0000-000000000002', '10000000-0000-0000-0000-000000000019'),
  ('20000000-0000-0000-0000-000000000002', '10000000-0000-0000-0000-000000000020'),
  ('20000000-0000-0000-0000-000000000002', '10000000-0000-0000-0000-000000000021'),
  ('20000000-0000-0000-0000-000000000002', '10000000-0000-0000-0000-000000000022'),
  ('20000000-0000-0000-0000-000000000002', '10000000-0000-0000-0000-000000000023'),
  ('20000000-0000-0000-0000-000000000002', '10000000-0000-0000-0000-000000000024'),
  ('20000000-0000-0000-0000-000000000002', '10000000-0000-0000-0000-000000000025'),
  ('20000000-0000-0000-0000-000000000002', '10000000-0000-0000-0000-000000000026'),
  ('20000000-0000-0000-0000-000000000002', '10000000-0000-0000-0000-000000000027'),
  ('20000000-0000-0000-0000-000000000002', '10000000-0000-0000-0000-000000000028'),
  ('20000000-0000-0000-0000-000000000002', '10000000-0000-0000-0000-000000000029'),
  ('20000000-0000-0000-0000-000000000002', '10000000-0000-0000-0000-000000000030')
on conflict do nothing;

-- Juniors Level 1 (30 people)
insert into member_group_memberships (group_id, person_id) values
  ('20000000-0000-0000-0000-000000000003', '10000000-0000-0000-0000-000000000007'),
  ('20000000-0000-0000-0000-000000000003', '10000000-0000-0000-0000-000000000008'),
  ('20000000-0000-0000-0000-000000000003', '10000000-0000-0000-0000-000000000009'),
  ('20000000-0000-0000-0000-000000000003', '10000000-0000-0000-0000-000000000010'),
  ('20000000-0000-0000-0000-000000000003', '10000000-0000-0000-0000-000000000011'),
  ('20000000-0000-0000-0000-000000000003', '10000000-0000-0000-0000-000000000002'),
  ('20000000-0000-0000-0000-000000000003', '10000000-0000-0000-0000-000000000003'),
  ('20000000-0000-0000-0000-000000000003', '10000000-0000-0000-0000-000000000004'),
  ('20000000-0000-0000-0000-000000000003', '10000000-0000-0000-0000-000000000005'),
  ('20000000-0000-0000-0000-000000000003', '10000000-0000-0000-0000-000000000006'),
  ('20000000-0000-0000-0000-000000000003', '10000000-0000-0000-0000-000000000016'),
  ('20000000-0000-0000-0000-000000000003', '10000000-0000-0000-0000-000000000017'),
  ('20000000-0000-0000-0000-000000000003', '10000000-0000-0000-0000-000000000018'),
  ('20000000-0000-0000-0000-000000000003', '10000000-0000-0000-0000-000000000019'),
  ('20000000-0000-0000-0000-000000000003', '10000000-0000-0000-0000-000000000020'),
  ('20000000-0000-0000-0000-000000000003', '10000000-0000-0000-0000-000000000021'),
  ('20000000-0000-0000-0000-000000000003', '10000000-0000-0000-0000-000000000022'),
  ('20000000-0000-0000-0000-000000000003', '10000000-0000-0000-0000-000000000023'),
  ('20000000-0000-0000-0000-000000000003', '10000000-0000-0000-0000-000000000024'),
  ('20000000-0000-0000-0000-000000000003', '10000000-0000-0000-0000-000000000025'),
  ('20000000-0000-0000-0000-000000000003', '10000000-0000-0000-0000-000000000026'),
  ('20000000-0000-0000-0000-000000000003', '10000000-0000-0000-0000-000000000027'),
  ('20000000-0000-0000-0000-000000000003', '10000000-0000-0000-0000-000000000028'),
  ('20000000-0000-0000-0000-000000000003', '10000000-0000-0000-0000-000000000031'),
  ('20000000-0000-0000-0000-000000000003', '10000000-0000-0000-0000-000000000032'),
  ('20000000-0000-0000-0000-000000000003', '10000000-0000-0000-0000-000000000033'),
  ('20000000-0000-0000-0000-000000000003', '10000000-0000-0000-0000-000000000034'),
  ('20000000-0000-0000-0000-000000000003', '10000000-0000-0000-0000-000000000035'),
  ('20000000-0000-0000-0000-000000000003', '10000000-0000-0000-0000-000000000036'),
  ('20000000-0000-0000-0000-000000000003', '10000000-0000-0000-0000-000000000037')
on conflict do nothing;

-- Juniors Level 2 (18 people)
insert into member_group_memberships (group_id, person_id) values
  ('20000000-0000-0000-0000-000000000004', '10000000-0000-0000-0000-000000000031'),
  ('20000000-0000-0000-0000-000000000004', '10000000-0000-0000-0000-000000000032'),
  ('20000000-0000-0000-0000-000000000004', '10000000-0000-0000-0000-000000000033'),
  ('20000000-0000-0000-0000-000000000004', '10000000-0000-0000-0000-000000000034'),
  ('20000000-0000-0000-0000-000000000004', '10000000-0000-0000-0000-000000000035'),
  ('20000000-0000-0000-0000-000000000004', '10000000-0000-0000-0000-000000000036'),
  ('20000000-0000-0000-0000-000000000004', '10000000-0000-0000-0000-000000000037'),
  ('20000000-0000-0000-0000-000000000004', '10000000-0000-0000-0000-000000000007'),
  ('20000000-0000-0000-0000-000000000004', '10000000-0000-0000-0000-000000000008'),
  ('20000000-0000-0000-0000-000000000004', '10000000-0000-0000-0000-000000000009'),
  ('20000000-0000-0000-0000-000000000004', '10000000-0000-0000-0000-000000000010'),
  ('20000000-0000-0000-0000-000000000004', '10000000-0000-0000-0000-000000000011'),
  ('20000000-0000-0000-0000-000000000004', '10000000-0000-0000-0000-000000000002'),
  ('20000000-0000-0000-0000-000000000004', '10000000-0000-0000-0000-000000000003'),
  ('20000000-0000-0000-0000-000000000004', '10000000-0000-0000-0000-000000000004'),
  ('20000000-0000-0000-0000-000000000004', '10000000-0000-0000-0000-000000000005'),
  ('20000000-0000-0000-0000-000000000004', '10000000-0000-0000-0000-000000000006'),
  ('20000000-0000-0000-0000-000000000004', '10000000-0000-0000-0000-000000000016')
on conflict do nothing;

-- Youth Development Squad (26 people)
insert into member_group_memberships (group_id, person_id) values
  ('20000000-0000-0000-0000-000000000005', '10000000-0000-0000-0000-000000000032'),
  ('20000000-0000-0000-0000-000000000005', '10000000-0000-0000-0000-000000000033'),
  ('20000000-0000-0000-0000-000000000005', '10000000-0000-0000-0000-000000000034'),
  ('20000000-0000-0000-0000-000000000005', '10000000-0000-0000-0000-000000000035'),
  ('20000000-0000-0000-0000-000000000005', '10000000-0000-0000-0000-000000000036'),
  ('20000000-0000-0000-0000-000000000005', '10000000-0000-0000-0000-000000000037'),
  ('20000000-0000-0000-0000-000000000005', '10000000-0000-0000-0000-000000000031'),
  ('20000000-0000-0000-0000-000000000005', '10000000-0000-0000-0000-000000000028'),
  ('20000000-0000-0000-0000-000000000005', '10000000-0000-0000-0000-000000000027'),
  ('20000000-0000-0000-0000-000000000005', '10000000-0000-0000-0000-000000000026'),
  ('20000000-0000-0000-0000-000000000005', '10000000-0000-0000-0000-000000000025'),
  ('20000000-0000-0000-0000-000000000005', '10000000-0000-0000-0000-000000000024'),
  ('20000000-0000-0000-0000-000000000005', '10000000-0000-0000-0000-000000000023'),
  ('20000000-0000-0000-0000-000000000005', '10000000-0000-0000-0000-000000000022'),
  ('20000000-0000-0000-0000-000000000005', '10000000-0000-0000-0000-000000000021'),
  ('20000000-0000-0000-0000-000000000005', '10000000-0000-0000-0000-000000000020'),
  ('20000000-0000-0000-0000-000000000005', '10000000-0000-0000-0000-000000000019'),
  ('20000000-0000-0000-0000-000000000005', '10000000-0000-0000-0000-000000000018'),
  ('20000000-0000-0000-0000-000000000005', '10000000-0000-0000-0000-000000000017'),
  ('20000000-0000-0000-0000-000000000005', '10000000-0000-0000-0000-000000000016'),
  ('20000000-0000-0000-0000-000000000005', '10000000-0000-0000-0000-000000000015'),
  ('20000000-0000-0000-0000-000000000005', '10000000-0000-0000-0000-000000000014'),
  ('20000000-0000-0000-0000-000000000005', '10000000-0000-0000-0000-000000000012'),
  ('20000000-0000-0000-0000-000000000005', '10000000-0000-0000-0000-000000000013'),
  ('20000000-0000-0000-0000-000000000005', '10000000-0000-0000-0000-000000000030'),
  ('20000000-0000-0000-0000-000000000005', '10000000-0000-0000-0000-000000000029')
on conflict do nothing;

-- Women's Team (24 people: P38–P61)
insert into member_group_memberships (group_id, person_id) values
  ('20000000-0000-0000-0000-000000000006', '10000000-0000-0000-0000-000000000038'),
  ('20000000-0000-0000-0000-000000000006', '10000000-0000-0000-0000-000000000039'),
  ('20000000-0000-0000-0000-000000000006', '10000000-0000-0000-0000-000000000040'),
  ('20000000-0000-0000-0000-000000000006', '10000000-0000-0000-0000-000000000041'),
  ('20000000-0000-0000-0000-000000000006', '10000000-0000-0000-0000-000000000042'),
  ('20000000-0000-0000-0000-000000000006', '10000000-0000-0000-0000-000000000043'),
  ('20000000-0000-0000-0000-000000000006', '10000000-0000-0000-0000-000000000044'),
  ('20000000-0000-0000-0000-000000000006', '10000000-0000-0000-0000-000000000045'),
  ('20000000-0000-0000-0000-000000000006', '10000000-0000-0000-0000-000000000046'),
  ('20000000-0000-0000-0000-000000000006', '10000000-0000-0000-0000-000000000047'),
  ('20000000-0000-0000-0000-000000000006', '10000000-0000-0000-0000-000000000048'),
  ('20000000-0000-0000-0000-000000000006', '10000000-0000-0000-0000-000000000049'),
  ('20000000-0000-0000-0000-000000000006', '10000000-0000-0000-0000-000000000050'),
  ('20000000-0000-0000-0000-000000000006', '10000000-0000-0000-0000-000000000051'),
  ('20000000-0000-0000-0000-000000000006', '10000000-0000-0000-0000-000000000052'),
  ('20000000-0000-0000-0000-000000000006', '10000000-0000-0000-0000-000000000053'),
  ('20000000-0000-0000-0000-000000000006', '10000000-0000-0000-0000-000000000054'),
  ('20000000-0000-0000-0000-000000000006', '10000000-0000-0000-0000-000000000055'),
  ('20000000-0000-0000-0000-000000000006', '10000000-0000-0000-0000-000000000056'),
  ('20000000-0000-0000-0000-000000000006', '10000000-0000-0000-0000-000000000057'),
  ('20000000-0000-0000-0000-000000000006', '10000000-0000-0000-0000-000000000058'),
  ('20000000-0000-0000-0000-000000000006', '10000000-0000-0000-0000-000000000059'),
  ('20000000-0000-0000-0000-000000000006', '10000000-0000-0000-0000-000000000060'),
  ('20000000-0000-0000-0000-000000000006', '10000000-0000-0000-0000-000000000061')
on conflict do nothing;

-- Mixed Social Team (20 people)
insert into member_group_memberships (group_id, person_id) values
  ('20000000-0000-0000-0000-000000000007', '10000000-0000-0000-0000-000000000001'),
  ('20000000-0000-0000-0000-000000000007', '10000000-0000-0000-0000-000000000038'),
  ('20000000-0000-0000-0000-000000000007', '10000000-0000-0000-0000-000000000002'),
  ('20000000-0000-0000-0000-000000000007', '10000000-0000-0000-0000-000000000039'),
  ('20000000-0000-0000-0000-000000000007', '10000000-0000-0000-0000-000000000003'),
  ('20000000-0000-0000-0000-000000000007', '10000000-0000-0000-0000-000000000040'),
  ('20000000-0000-0000-0000-000000000007', '10000000-0000-0000-0000-000000000004'),
  ('20000000-0000-0000-0000-000000000007', '10000000-0000-0000-0000-000000000041'),
  ('20000000-0000-0000-0000-000000000007', '10000000-0000-0000-0000-000000000005'),
  ('20000000-0000-0000-0000-000000000007', '10000000-0000-0000-0000-000000000042'),
  ('20000000-0000-0000-0000-000000000007', '10000000-0000-0000-0000-000000000006'),
  ('20000000-0000-0000-0000-000000000007', '10000000-0000-0000-0000-000000000043'),
  ('20000000-0000-0000-0000-000000000007', '10000000-0000-0000-0000-000000000016'),
  ('20000000-0000-0000-0000-000000000007', '10000000-0000-0000-0000-000000000044'),
  ('20000000-0000-0000-0000-000000000007', '10000000-0000-0000-0000-000000000017'),
  ('20000000-0000-0000-0000-000000000007', '10000000-0000-0000-0000-000000000045'),
  ('20000000-0000-0000-0000-000000000007', '10000000-0000-0000-0000-000000000018'),
  ('20000000-0000-0000-0000-000000000007', '10000000-0000-0000-0000-000000000046'),
  ('20000000-0000-0000-0000-000000000007', '10000000-0000-0000-0000-000000000019'),
  ('20000000-0000-0000-0000-000000000007', '10000000-0000-0000-0000-000000000047')
on conflict do nothing;

-- Coaching Staff (12 people: P62–P72 + P15 Ryan Kelly)
insert into member_group_memberships (group_id, person_id) values
  ('20000000-0000-0000-0000-000000000008', '10000000-0000-0000-0000-000000000062'),
  ('20000000-0000-0000-0000-000000000008', '10000000-0000-0000-0000-000000000063'),
  ('20000000-0000-0000-0000-000000000008', '10000000-0000-0000-0000-000000000064'),
  ('20000000-0000-0000-0000-000000000008', '10000000-0000-0000-0000-000000000065'),
  ('20000000-0000-0000-0000-000000000008', '10000000-0000-0000-0000-000000000066'),
  ('20000000-0000-0000-0000-000000000008', '10000000-0000-0000-0000-000000000067'),
  ('20000000-0000-0000-0000-000000000008', '10000000-0000-0000-0000-000000000068'),
  ('20000000-0000-0000-0000-000000000008', '10000000-0000-0000-0000-000000000069'),
  ('20000000-0000-0000-0000-000000000008', '10000000-0000-0000-0000-000000000070'),
  ('20000000-0000-0000-0000-000000000008', '10000000-0000-0000-0000-000000000071'),
  ('20000000-0000-0000-0000-000000000008', '10000000-0000-0000-0000-000000000072'),
  ('20000000-0000-0000-0000-000000000008', '10000000-0000-0000-0000-000000000015')
on conflict do nothing;

-- Masters Over 35s (16 people)
insert into member_group_memberships (group_id, person_id) values
  ('20000000-0000-0000-0000-000000000009', '10000000-0000-0000-0000-000000000062'),
  ('20000000-0000-0000-0000-000000000009', '10000000-0000-0000-0000-000000000063'),
  ('20000000-0000-0000-0000-000000000009', '10000000-0000-0000-0000-000000000064'),
  ('20000000-0000-0000-0000-000000000009', '10000000-0000-0000-0000-000000000065'),
  ('20000000-0000-0000-0000-000000000009', '10000000-0000-0000-0000-000000000066'),
  ('20000000-0000-0000-0000-000000000009', '10000000-0000-0000-0000-000000000067'),
  ('20000000-0000-0000-0000-000000000009', '10000000-0000-0000-0000-000000000068'),
  ('20000000-0000-0000-0000-000000000009', '10000000-0000-0000-0000-000000000069'),
  ('20000000-0000-0000-0000-000000000009', '10000000-0000-0000-0000-000000000070'),
  ('20000000-0000-0000-0000-000000000009', '10000000-0000-0000-0000-000000000071'),
  ('20000000-0000-0000-0000-000000000009', '10000000-0000-0000-0000-000000000072'),
  ('20000000-0000-0000-0000-000000000009', '10000000-0000-0000-0000-000000000015'),
  ('20000000-0000-0000-0000-000000000009', '10000000-0000-0000-0000-000000000001'),
  ('20000000-0000-0000-0000-000000000009', '10000000-0000-0000-0000-000000000014'),
  ('20000000-0000-0000-0000-000000000009', '10000000-0000-0000-0000-000000000024'),
  ('20000000-0000-0000-0000-000000000009', '10000000-0000-0000-0000-000000000022')
on conflict do nothing;

-- Development Academy (34 people)
insert into member_group_memberships (group_id, person_id) values
  ('20000000-0000-0000-0000-000000000010', '10000000-0000-0000-0000-000000000032'),
  ('20000000-0000-0000-0000-000000000010', '10000000-0000-0000-0000-000000000033'),
  ('20000000-0000-0000-0000-000000000010', '10000000-0000-0000-0000-000000000034'),
  ('20000000-0000-0000-0000-000000000010', '10000000-0000-0000-0000-000000000035'),
  ('20000000-0000-0000-0000-000000000010', '10000000-0000-0000-0000-000000000036'),
  ('20000000-0000-0000-0000-000000000010', '10000000-0000-0000-0000-000000000037'),
  ('20000000-0000-0000-0000-000000000010', '10000000-0000-0000-0000-000000000031'),
  ('20000000-0000-0000-0000-000000000010', '10000000-0000-0000-0000-000000000028'),
  ('20000000-0000-0000-0000-000000000010', '10000000-0000-0000-0000-000000000027'),
  ('20000000-0000-0000-0000-000000000010', '10000000-0000-0000-0000-000000000026'),
  ('20000000-0000-0000-0000-000000000010', '10000000-0000-0000-0000-000000000025'),
  ('20000000-0000-0000-0000-000000000010', '10000000-0000-0000-0000-000000000024'),
  ('20000000-0000-0000-0000-000000000010', '10000000-0000-0000-0000-000000000023'),
  ('20000000-0000-0000-0000-000000000010', '10000000-0000-0000-0000-000000000022'),
  ('20000000-0000-0000-0000-000000000010', '10000000-0000-0000-0000-000000000021'),
  ('20000000-0000-0000-0000-000000000010', '10000000-0000-0000-0000-000000000020'),
  ('20000000-0000-0000-0000-000000000010', '10000000-0000-0000-0000-000000000019'),
  ('20000000-0000-0000-0000-000000000010', '10000000-0000-0000-0000-000000000018'),
  ('20000000-0000-0000-0000-000000000010', '10000000-0000-0000-0000-000000000017'),
  ('20000000-0000-0000-0000-000000000010', '10000000-0000-0000-0000-000000000016'),
  ('20000000-0000-0000-0000-000000000010', '10000000-0000-0000-0000-000000000015'),
  ('20000000-0000-0000-0000-000000000010', '10000000-0000-0000-0000-000000000014'),
  ('20000000-0000-0000-0000-000000000010', '10000000-0000-0000-0000-000000000012'),
  ('20000000-0000-0000-0000-000000000010', '10000000-0000-0000-0000-000000000013'),
  ('20000000-0000-0000-0000-000000000010', '10000000-0000-0000-0000-000000000030'),
  ('20000000-0000-0000-0000-000000000010', '10000000-0000-0000-0000-000000000029'),
  ('20000000-0000-0000-0000-000000000010', '10000000-0000-0000-0000-000000000038'),
  ('20000000-0000-0000-0000-000000000010', '10000000-0000-0000-0000-000000000039'),
  ('20000000-0000-0000-0000-000000000010', '10000000-0000-0000-0000-000000000040'),
  ('20000000-0000-0000-0000-000000000010', '10000000-0000-0000-0000-000000000041'),
  ('20000000-0000-0000-0000-000000000010', '10000000-0000-0000-0000-000000000042'),
  ('20000000-0000-0000-0000-000000000010', '10000000-0000-0000-0000-000000000043'),
  ('20000000-0000-0000-0000-000000000010', '10000000-0000-0000-0000-000000000044'),
  ('20000000-0000-0000-0000-000000000010', '10000000-0000-0000-0000-000000000045')
on conflict do nothing;
